<application>
  <component name="ProjectJdkTable">
    <jdk version="2">
      <name value="JDK" />
      <type value="JavaSDK" />
      <version value="version 11.0.12" />
      <homePath value="$APPLICATION_HOME_DIR$/jre" />
      <roots>
        <annotationsPath>
          <root type="composite">
            <root url="jar://$APPLICATION_HOME_DIR$/plugins/java/lib/jdkAnnotations.jar!/" type="simple" />
          </root>
        </annotationsPath>
        <classPath>
          <root type="composite">
            <root url="jrt://D:/Android/android-studio/jre!/java.base" type="simple" />
            <root url="jrt://D:/Android/android-studio/jre!/java.compiler" type="simple" />
            <root url="jrt://D:/Android/android-studio/jre!/java.datatransfer" type="simple" />
            <root url="jrt://D:/Android/android-studio/jre!/java.desktop" type="simple" />
            <root url="jrt://D:/Android/android-studio/jre!/java.instrument" type="simple" />
            <root url="jrt://D:/Android/android-studio/jre!/java.logging" type="simple" />
            <root url="jrt://D:/Android/android-studio/jre!/java.management" type="simple" />
            <root url="jrt://D:/Android/android-studio/jre!/java.management.rmi" type="simple" />
            <root url="jrt://D:/Android/android-studio/jre!/java.naming" type="simple" />
            <root url="jrt://D:/Android/android-studio/jre!/java.net.http" type="simple" />
            <root url="jrt://D:/Android/android-studio/jre!/java.prefs" type="simple" />
            <root url="jrt://D:/Android/android-studio/jre!/java.rmi" type="simple" />
            <root url="jrt://D:/Android/android-studio/jre!/java.scripting" type="simple" />
            <root url="jrt://D:/Android/android-studio/jre!/java.se" type="simple" />
            <root url="jrt://D:/Android/android-studio/jre!/java.security.jgss" type="simple" />
            <root url="jrt://D:/Android/android-studio/jre!/java.security.sasl" type="simple" />
            <root url="jrt://D:/Android/android-studio/jre!/java.smartcardio" type="simple" />
            <root url="jrt://D:/Android/android-studio/jre!/java.sql" type="simple" />
            <root url="jrt://D:/Android/android-studio/jre!/java.sql.rowset" type="simple" />
            <root url="jrt://D:/Android/android-studio/jre!/java.transaction.xa" type="simple" />
            <root url="jrt://D:/Android/android-studio/jre!/java.xml" type="simple" />
            <root url="jrt://D:/Android/android-studio/jre!/java.xml.crypto" type="simple" />
            <root url="jrt://D:/Android/android-studio/jre!/jdk.accessibility" type="simple" />
            <root url="jrt://D:/Android/android-studio/jre!/jdk.aot" type="simple" />
            <root url="jrt://D:/Android/android-studio/jre!/jdk.attach" type="simple" />
            <root url="jrt://D:/Android/android-studio/jre!/jdk.charsets" type="simple" />
            <root url="jrt://D:/Android/android-studio/jre!/jdk.compiler" type="simple" />
            <root url="jrt://D:/Android/android-studio/jre!/jdk.crypto.cryptoki" type="simple" />
            <root url="jrt://D:/Android/android-studio/jre!/jdk.crypto.ec" type="simple" />
            <root url="jrt://D:/Android/android-studio/jre!/jdk.dynalink" type="simple" />
            <root url="jrt://D:/Android/android-studio/jre!/jdk.hotspot.agent" type="simple" />
            <root url="jrt://D:/Android/android-studio/jre!/jdk.httpserver" type="simple" />
            <root url="jrt://D:/Android/android-studio/jre!/jdk.internal.ed" type="simple" />
            <root url="jrt://D:/Android/android-studio/jre!/jdk.internal.jvmstat" type="simple" />
            <root url="jrt://D:/Android/android-studio/jre!/jdk.internal.le" type="simple" />
            <root url="jrt://D:/Android/android-studio/jre!/jdk.internal.opt" type="simple" />
            <root url="jrt://D:/Android/android-studio/jre!/jdk.internal.vm.ci" type="simple" />
            <root url="jrt://D:/Android/android-studio/jre!/jdk.internal.vm.compiler" type="simple" />
            <root url="jrt://D:/Android/android-studio/jre!/jdk.internal.vm.compiler.management" type="simple" />
            <root url="jrt://D:/Android/android-studio/jre!/jdk.jartool" type="simple" />
            <root url="jrt://D:/Android/android-studio/jre!/jdk.javadoc" type="simple" />
            <root url="jrt://D:/Android/android-studio/jre!/jdk.jdeps" type="simple" />
            <root url="jrt://D:/Android/android-studio/jre!/jdk.jdi" type="simple" />
            <root url="jrt://D:/Android/android-studio/jre!/jdk.jdwp.agent" type="simple" />
            <root url="jrt://D:/Android/android-studio/jre!/jdk.jfr" type="simple" />
            <root url="jrt://D:/Android/android-studio/jre!/jdk.jlink" type="simple" />
            <root url="jrt://D:/Android/android-studio/jre!/jdk.jsobject" type="simple" />
            <root url="jrt://D:/Android/android-studio/jre!/jdk.localedata" type="simple" />
            <root url="jrt://D:/Android/android-studio/jre!/jdk.management" type="simple" />
            <root url="jrt://D:/Android/android-studio/jre!/jdk.management.agent" type="simple" />
            <root url="jrt://D:/Android/android-studio/jre!/jdk.management.jfr" type="simple" />
            <root url="jrt://D:/Android/android-studio/jre!/jdk.naming.dns" type="simple" />
            <root url="jrt://D:/Android/android-studio/jre!/jdk.naming.rmi" type="simple" />
            <root url="jrt://D:/Android/android-studio/jre!/jdk.net" type="simple" />
            <root url="jrt://D:/Android/android-studio/jre!/jdk.pack" type="simple" />
            <root url="jrt://D:/Android/android-studio/jre!/jdk.scripting.nashorn" type="simple" />
            <root url="jrt://D:/Android/android-studio/jre!/jdk.scripting.nashorn.shell" type="simple" />
            <root url="jrt://D:/Android/android-studio/jre!/jdk.sctp" type="simple" />
            <root url="jrt://D:/Android/android-studio/jre!/jdk.security.auth" type="simple" />
            <root url="jrt://D:/Android/android-studio/jre!/jdk.security.jgss" type="simple" />
            <root url="jrt://D:/Android/android-studio/jre!/jdk.unsupported" type="simple" />
            <root url="jrt://D:/Android/android-studio/jre!/jdk.xml.dom" type="simple" />
            <root url="jrt://D:/Android/android-studio/jre!/jdk.zipfs" type="simple" />
          </root>
        </classPath>
        <javadocPath>
          <root type="composite">
            <root url="https://docs.oracle.com/en/java/javase/11/docs/api/" type="simple" />
          </root>
        </javadocPath>
        <sourcePath>
          <root type="composite" />
        </sourcePath>
      </roots>
      <additional />
    </jdk>
    <jdk version="2">
      <name value="Android Studio default JDK" />
      <type value="JavaSDK" />
      <version value="version 11.0.15" />
      <homePath value="D:/Android/env/jdk" />
      <roots>
        <annotationsPath>
          <root type="composite">
            <root url="jar://$APPLICATION_HOME_DIR$/plugins/java/lib/jdkAnnotations.jar!/" type="simple" />
          </root>
        </annotationsPath>
        <classPath>
          <root type="composite">
            <root url="jrt://D:/Android/env/jdk!/java.base" type="simple" />
            <root url="jrt://D:/Android/env/jdk!/java.compiler" type="simple" />
            <root url="jrt://D:/Android/env/jdk!/java.datatransfer" type="simple" />
            <root url="jrt://D:/Android/env/jdk!/java.desktop" type="simple" />
            <root url="jrt://D:/Android/env/jdk!/java.instrument" type="simple" />
            <root url="jrt://D:/Android/env/jdk!/java.logging" type="simple" />
            <root url="jrt://D:/Android/env/jdk!/java.management" type="simple" />
            <root url="jrt://D:/Android/env/jdk!/java.management.rmi" type="simple" />
            <root url="jrt://D:/Android/env/jdk!/java.naming" type="simple" />
            <root url="jrt://D:/Android/env/jdk!/java.net.http" type="simple" />
            <root url="jrt://D:/Android/env/jdk!/java.prefs" type="simple" />
            <root url="jrt://D:/Android/env/jdk!/java.rmi" type="simple" />
            <root url="jrt://D:/Android/env/jdk!/java.scripting" type="simple" />
            <root url="jrt://D:/Android/env/jdk!/java.se" type="simple" />
            <root url="jrt://D:/Android/env/jdk!/java.security.jgss" type="simple" />
            <root url="jrt://D:/Android/env/jdk!/java.security.sasl" type="simple" />
            <root url="jrt://D:/Android/env/jdk!/java.smartcardio" type="simple" />
            <root url="jrt://D:/Android/env/jdk!/java.sql" type="simple" />
            <root url="jrt://D:/Android/env/jdk!/java.sql.rowset" type="simple" />
            <root url="jrt://D:/Android/env/jdk!/java.transaction.xa" type="simple" />
            <root url="jrt://D:/Android/env/jdk!/java.xml" type="simple" />
            <root url="jrt://D:/Android/env/jdk!/java.xml.crypto" type="simple" />
            <root url="jrt://D:/Android/env/jdk!/jdk.accessibility" type="simple" />
            <root url="jrt://D:/Android/env/jdk!/jdk.attach" type="simple" />
            <root url="jrt://D:/Android/env/jdk!/jdk.charsets" type="simple" />
            <root url="jrt://D:/Android/env/jdk!/jdk.compiler" type="simple" />
            <root url="jrt://D:/Android/env/jdk!/jdk.crypto.cryptoki" type="simple" />
            <root url="jrt://D:/Android/env/jdk!/jdk.crypto.ec" type="simple" />
            <root url="jrt://D:/Android/env/jdk!/jdk.crypto.mscapi" type="simple" />
            <root url="jrt://D:/Android/env/jdk!/jdk.dynalink" type="simple" />
            <root url="jrt://D:/Android/env/jdk!/jdk.editpad" type="simple" />
            <root url="jrt://D:/Android/env/jdk!/jdk.hotspot.agent" type="simple" />
            <root url="jrt://D:/Android/env/jdk!/jdk.httpserver" type="simple" />
            <root url="jrt://D:/Android/env/jdk!/jdk.internal.ed" type="simple" />
            <root url="jrt://D:/Android/env/jdk!/jdk.internal.jvmstat" type="simple" />
            <root url="jrt://D:/Android/env/jdk!/jdk.internal.le" type="simple" />
            <root url="jrt://D:/Android/env/jdk!/jdk.internal.opt" type="simple" />
            <root url="jrt://D:/Android/env/jdk!/jdk.internal.vm.ci" type="simple" />
            <root url="jrt://D:/Android/env/jdk!/jdk.internal.vm.compiler" type="simple" />
            <root url="jrt://D:/Android/env/jdk!/jdk.internal.vm.compiler.management" type="simple" />
            <root url="jrt://D:/Android/env/jdk!/jdk.jartool" type="simple" />
            <root url="jrt://D:/Android/env/jdk!/jdk.javadoc" type="simple" />
            <root url="jrt://D:/Android/env/jdk!/jdk.jcmd" type="simple" />
            <root url="jrt://D:/Android/env/jdk!/jdk.jconsole" type="simple" />
            <root url="jrt://D:/Android/env/jdk!/jdk.jdeps" type="simple" />
            <root url="jrt://D:/Android/env/jdk!/jdk.jdi" type="simple" />
            <root url="jrt://D:/Android/env/jdk!/jdk.jdwp.agent" type="simple" />
            <root url="jrt://D:/Android/env/jdk!/jdk.jfr" type="simple" />
            <root url="jrt://D:/Android/env/jdk!/jdk.jlink" type="simple" />
            <root url="jrt://D:/Android/env/jdk!/jdk.jshell" type="simple" />
            <root url="jrt://D:/Android/env/jdk!/jdk.jsobject" type="simple" />
            <root url="jrt://D:/Android/env/jdk!/jdk.jstatd" type="simple" />
            <root url="jrt://D:/Android/env/jdk!/jdk.localedata" type="simple" />
            <root url="jrt://D:/Android/env/jdk!/jdk.management" type="simple" />
            <root url="jrt://D:/Android/env/jdk!/jdk.management.agent" type="simple" />
            <root url="jrt://D:/Android/env/jdk!/jdk.management.jfr" type="simple" />
            <root url="jrt://D:/Android/env/jdk!/jdk.naming.dns" type="simple" />
            <root url="jrt://D:/Android/env/jdk!/jdk.naming.ldap" type="simple" />
            <root url="jrt://D:/Android/env/jdk!/jdk.naming.rmi" type="simple" />
            <root url="jrt://D:/Android/env/jdk!/jdk.net" type="simple" />
            <root url="jrt://D:/Android/env/jdk!/jdk.pack" type="simple" />
            <root url="jrt://D:/Android/env/jdk!/jdk.rmic" type="simple" />
            <root url="jrt://D:/Android/env/jdk!/jdk.scripting.nashorn" type="simple" />
            <root url="jrt://D:/Android/env/jdk!/jdk.scripting.nashorn.shell" type="simple" />
            <root url="jrt://D:/Android/env/jdk!/jdk.sctp" type="simple" />
            <root url="jrt://D:/Android/env/jdk!/jdk.security.auth" type="simple" />
            <root url="jrt://D:/Android/env/jdk!/jdk.security.jgss" type="simple" />
            <root url="jrt://D:/Android/env/jdk!/jdk.unsupported" type="simple" />
            <root url="jrt://D:/Android/env/jdk!/jdk.unsupported.desktop" type="simple" />
            <root url="jrt://D:/Android/env/jdk!/jdk.xml.dom" type="simple" />
            <root url="jrt://D:/Android/env/jdk!/jdk.zipfs" type="simple" />
          </root>
        </classPath>
        <javadocPath>
          <root type="composite" />
        </javadocPath>
        <sourcePath>
          <root type="composite">
            <root url="jar://D:/Android/env/jdk/lib/src.zip!/java.se" type="simple" />
            <root url="jar://D:/Android/env/jdk/lib/src.zip!/jdk.jdi" type="simple" />
            <root url="jar://D:/Android/env/jdk/lib/src.zip!/jdk.jfr" type="simple" />
            <root url="jar://D:/Android/env/jdk/lib/src.zip!/jdk.net" type="simple" />
            <root url="jar://D:/Android/env/jdk/lib/src.zip!/java.rmi" type="simple" />
            <root url="jar://D:/Android/env/jdk/lib/src.zip!/java.sql" type="simple" />
            <root url="jar://D:/Android/env/jdk/lib/src.zip!/java.xml" type="simple" />
            <root url="jar://D:/Android/env/jdk/lib/src.zip!/jdk.jcmd" type="simple" />
            <root url="jar://D:/Android/env/jdk/lib/src.zip!/jdk.pack" type="simple" />
            <root url="jar://D:/Android/env/jdk/lib/src.zip!/jdk.rmic" type="simple" />
            <root url="jar://D:/Android/env/jdk/lib/src.zip!/jdk.sctp" type="simple" />
            <root url="jar://D:/Android/env/jdk/lib/src.zip!/java.base" type="simple" />
            <root url="jar://D:/Android/env/jdk/lib/src.zip!/jdk.jdeps" type="simple" />
            <root url="jar://D:/Android/env/jdk/lib/src.zip!/jdk.jlink" type="simple" />
            <root url="jar://D:/Android/env/jdk/lib/src.zip!/jdk.zipfs" type="simple" />
            <root url="jar://D:/Android/env/jdk/lib/src.zip!/java.prefs" type="simple" />
            <root url="jar://D:/Android/env/jdk/lib/src.zip!/jdk.attach" type="simple" />
            <root url="jar://D:/Android/env/jdk/lib/src.zip!/jdk.jshell" type="simple" />
            <root url="jar://D:/Android/env/jdk/lib/src.zip!/jdk.jstatd" type="simple" />
            <root url="jar://D:/Android/env/jdk/lib/src.zip!/java.naming" type="simple" />
            <root url="jar://D:/Android/env/jdk/lib/src.zip!/jdk.editpad" type="simple" />
            <root url="jar://D:/Android/env/jdk/lib/src.zip!/jdk.jartool" type="simple" />
            <root url="jar://D:/Android/env/jdk/lib/src.zip!/jdk.javadoc" type="simple" />
            <root url="jar://D:/Android/env/jdk/lib/src.zip!/jdk.xml.dom" type="simple" />
            <root url="jar://D:/Android/env/jdk/lib/src.zip!/java.desktop" type="simple" />
            <root url="jar://D:/Android/env/jdk/lib/src.zip!/java.logging" type="simple" />
            <root url="jar://D:/Android/env/jdk/lib/src.zip!/jdk.charsets" type="simple" />
            <root url="jar://D:/Android/env/jdk/lib/src.zip!/jdk.compiler" type="simple" />
            <root url="jar://D:/Android/env/jdk/lib/src.zip!/jdk.dynalink" type="simple" />
            <root url="jar://D:/Android/env/jdk/lib/src.zip!/jdk.jconsole" type="simple" />
            <root url="jar://D:/Android/env/jdk/lib/src.zip!/jdk.jsobject" type="simple" />
            <root url="jar://D:/Android/env/jdk/lib/src.zip!/java.compiler" type="simple" />
            <root url="jar://D:/Android/env/jdk/lib/src.zip!/java.net.http" type="simple" />
            <root url="jar://D:/Android/env/jdk/lib/src.zip!/jdk.crypto.ec" type="simple" />
            <root url="jar://D:/Android/env/jdk/lib/src.zip!/java.scripting" type="simple" />
            <root url="jar://D:/Android/env/jdk/lib/src.zip!/jdk.httpserver" type="simple" />
            <root url="jar://D:/Android/env/jdk/lib/src.zip!/jdk.jdwp.agent" type="simple" />
            <root url="jar://D:/Android/env/jdk/lib/src.zip!/jdk.localedata" type="simple" />
            <root url="jar://D:/Android/env/jdk/lib/src.zip!/jdk.management" type="simple" />
            <root url="jar://D:/Android/env/jdk/lib/src.zip!/jdk.naming.dns" type="simple" />
            <root url="jar://D:/Android/env/jdk/lib/src.zip!/jdk.naming.rmi" type="simple" />
            <root url="jar://D:/Android/env/jdk/lib/src.zip!/java.instrument" type="simple" />
            <root url="jar://D:/Android/env/jdk/lib/src.zip!/java.management" type="simple" />
            <root url="jar://D:/Android/env/jdk/lib/src.zip!/java.sql.rowset" type="simple" />
            <root url="jar://D:/Android/env/jdk/lib/src.zip!/java.xml.crypto" type="simple" />
            <root url="jar://D:/Android/env/jdk/lib/src.zip!/jdk.internal.ed" type="simple" />
            <root url="jar://D:/Android/env/jdk/lib/src.zip!/jdk.internal.le" type="simple" />
            <root url="jar://D:/Android/env/jdk/lib/src.zip!/jdk.naming.ldap" type="simple" />
            <root url="jar://D:/Android/env/jdk/lib/src.zip!/jdk.unsupported" type="simple" />
            <root url="jar://D:/Android/env/jdk/lib/src.zip!/java.smartcardio" type="simple" />
            <root url="jar://D:/Android/env/jdk/lib/src.zip!/jdk.internal.opt" type="simple" />
            <root url="jar://D:/Android/env/jdk/lib/src.zip!/java.datatransfer" type="simple" />
            <root url="jar://D:/Android/env/jdk/lib/src.zip!/jdk.accessibility" type="simple" />
            <root url="jar://D:/Android/env/jdk/lib/src.zip!/jdk.crypto.mscapi" type="simple" />
            <root url="jar://D:/Android/env/jdk/lib/src.zip!/jdk.hotspot.agent" type="simple" />
            <root url="jar://D:/Android/env/jdk/lib/src.zip!/jdk.security.auth" type="simple" />
            <root url="jar://D:/Android/env/jdk/lib/src.zip!/jdk.security.jgss" type="simple" />
            <root url="jar://D:/Android/env/jdk/lib/src.zip!/java.security.jgss" type="simple" />
            <root url="jar://D:/Android/env/jdk/lib/src.zip!/java.security.sasl" type="simple" />
            <root url="jar://D:/Android/env/jdk/lib/src.zip!/jdk.internal.vm.ci" type="simple" />
            <root url="jar://D:/Android/env/jdk/lib/src.zip!/jdk.management.jfr" type="simple" />
            <root url="jar://D:/Android/env/jdk/lib/src.zip!/java.management.rmi" type="simple" />
            <root url="jar://D:/Android/env/jdk/lib/src.zip!/java.transaction.xa" type="simple" />
            <root url="jar://D:/Android/env/jdk/lib/src.zip!/jdk.crypto.cryptoki" type="simple" />
            <root url="jar://D:/Android/env/jdk/lib/src.zip!/jdk.internal.jvmstat" type="simple" />
            <root url="jar://D:/Android/env/jdk/lib/src.zip!/jdk.management.agent" type="simple" />
            <root url="jar://D:/Android/env/jdk/lib/src.zip!/jdk.scripting.nashorn" type="simple" />
            <root url="jar://D:/Android/env/jdk/lib/src.zip!/jdk.unsupported.desktop" type="simple" />
            <root url="jar://D:/Android/env/jdk/lib/src.zip!/jdk.internal.vm.compiler" type="simple" />
            <root url="jar://D:/Android/env/jdk/lib/src.zip!/jdk.scripting.nashorn.shell" type="simple" />
            <root url="jar://D:/Android/env/jdk/lib/src.zip!/jdk.internal.vm.compiler.management" type="simple" />
          </root>
        </sourcePath>
      </roots>
      <additional />
    </jdk>
    <jdk version="2">
      <name value="Android API 29 Platform" />
      <type value="Android SDK" />
      <version value="version 11.0.15" />
      <homePath value="D:/Android/sdk" />
      <roots>
        <annotationsPath>
          <root type="composite">
            <root url="jar://D:/Android/sdk/platforms/android-29/data/annotations.zip!/" type="simple" />
          </root>
        </annotationsPath>
        <classPath>
          <root type="composite">
            <root url="jar://D:/Android/sdk/platforms/android-29/android.jar!/" type="simple" />
            <root url="file://D:/Android/sdk/platforms/android-29/data/res" type="simple" />
          </root>
        </classPath>
        <javadocPath>
          <root type="composite" />
        </javadocPath>
        <sourcePath>
          <root type="composite">
            <root url="file://D:/Android/sdk/sources/android-29" type="simple" />
          </root>
        </sourcePath>
      </roots>
      <additional jdk="Android Studio default JDK" sdk="android-29" />
    </jdk>
    <jdk version="2">
      <name value="Android API 30 Platform" />
      <type value="Android SDK" />
      <version value="version 11.0.15" />
      <homePath value="D:/Android/sdk" />
      <roots>
        <annotationsPath>
          <root type="composite">
            <root url="jar://D:/Android/sdk/platforms/android-30/data/annotations.zip!/" type="simple" />
          </root>
        </annotationsPath>
        <classPath>
          <root type="composite">
            <root url="jar://D:/Android/sdk/platforms/android-30/android.jar!/" type="simple" />
            <root url="file://D:/Android/sdk/platforms/android-30/data/res" type="simple" />
          </root>
        </classPath>
        <javadocPath>
          <root type="composite">
            <root url="http://developer.android.com/reference/" type="simple" />
          </root>
        </javadocPath>
        <sourcePath>
          <root type="composite" />
        </sourcePath>
      </roots>
      <additional jdk="Android Studio default JDK" sdk="android-30" />
    </jdk>
    <jdk version="2">
      <name value="Android API 31 Platform" />
      <type value="Android SDK" />
      <version value="version 11.0.15" />
      <homePath value="D:/Android/sdk" />
      <roots>
        <annotationsPath>
          <root type="composite">
            <root url="jar://D:/Android/sdk/platforms/android-31/data/annotations.zip!/" type="simple" />
          </root>
        </annotationsPath>
        <classPath>
          <root type="composite">
            <root url="jar://D:/Android/sdk/platforms/android-31/android.jar!/" type="simple" />
            <root url="file://D:/Android/sdk/platforms/android-31/data/res" type="simple" />
          </root>
        </classPath>
        <javadocPath>
          <root type="composite" />
        </javadocPath>
        <sourcePath>
          <root type="composite">
            <root url="file://D:/Android/sdk/sources/android-31" type="simple" />
          </root>
        </sourcePath>
      </roots>
      <additional jdk="Android Studio default JDK" sdk="android-31" />
    </jdk>
    <jdk version="2">
      <name value="Android API 32 Platform" />
      <type value="Android SDK" />
      <version value="version 11.0.15" />
      <homePath value="D:/Android/sdk" />
      <roots>
        <annotationsPath>
          <root type="composite">
            <root url="jar://D:/Android/sdk/platforms/android-32/data/annotations.zip!/" type="simple" />
          </root>
        </annotationsPath>
        <classPath>
          <root type="composite">
            <root url="jar://D:/Android/sdk/platforms/android-32/android.jar!/" type="simple" />
            <root url="file://D:/Android/sdk/platforms/android-32/data/res" type="simple" />
          </root>
        </classPath>
        <javadocPath>
          <root type="composite" />
        </javadocPath>
        <sourcePath>
          <root type="composite">
            <root url="file://D:/Android/sdk/sources/android-32" type="simple" />
          </root>
        </sourcePath>
      </roots>
      <additional jdk="Android Studio default JDK" sdk="android-32" />
    </jdk>
    <jdk version="2">
      <name value="Android API 33, extension level 3 Platform" />
      <type value="Android SDK" />
      <version value="version 11.0.15" />
      <homePath value="D:/Android/sdk" />
      <roots>
        <annotationsPath>
          <root type="composite">
            <root url="jar://D:/Android/sdk/platforms/android-33/data/annotations.zip!/" type="simple" />
          </root>
        </annotationsPath>
        <classPath>
          <root type="composite">
            <root url="jar://D:/Android/sdk/platforms/android-33/android.jar!/" type="simple" />
            <root url="file://D:/Android/sdk/platforms/android-33/data/res" type="simple" />
          </root>
        </classPath>
        <javadocPath>
          <root type="composite">
            <root url="http://developer.android.com/reference/" type="simple" />
          </root>
        </javadocPath>
        <sourcePath>
          <root type="composite" />
        </sourcePath>
      </roots>
      <additional jdk="Android Studio default JDK" sdk="android-33" />
    </jdk>
    <jdk version="2">
      <name value="11" />
      <type value="JavaSDK" />
      <version value="version 11.0.15" />
      <homePath value="D:/Android/env/jdk" />
      <roots>
        <annotationsPath>
          <root type="composite">
            <root url="jar://$APPLICATION_HOME_DIR$/plugins/java/lib/jdkAnnotations.jar!/" type="simple" />
          </root>
        </annotationsPath>
        <classPath>
          <root type="composite">
            <root url="jrt://D:/Android/env/jdk!/java.base" type="simple" />
            <root url="jrt://D:/Android/env/jdk!/java.compiler" type="simple" />
            <root url="jrt://D:/Android/env/jdk!/java.datatransfer" type="simple" />
            <root url="jrt://D:/Android/env/jdk!/java.desktop" type="simple" />
            <root url="jrt://D:/Android/env/jdk!/java.instrument" type="simple" />
            <root url="jrt://D:/Android/env/jdk!/java.logging" type="simple" />
            <root url="jrt://D:/Android/env/jdk!/java.management" type="simple" />
            <root url="jrt://D:/Android/env/jdk!/java.management.rmi" type="simple" />
            <root url="jrt://D:/Android/env/jdk!/java.naming" type="simple" />
            <root url="jrt://D:/Android/env/jdk!/java.net.http" type="simple" />
            <root url="jrt://D:/Android/env/jdk!/java.prefs" type="simple" />
            <root url="jrt://D:/Android/env/jdk!/java.rmi" type="simple" />
            <root url="jrt://D:/Android/env/jdk!/java.scripting" type="simple" />
            <root url="jrt://D:/Android/env/jdk!/java.se" type="simple" />
            <root url="jrt://D:/Android/env/jdk!/java.security.jgss" type="simple" />
            <root url="jrt://D:/Android/env/jdk!/java.security.sasl" type="simple" />
            <root url="jrt://D:/Android/env/jdk!/java.smartcardio" type="simple" />
            <root url="jrt://D:/Android/env/jdk!/java.sql" type="simple" />
            <root url="jrt://D:/Android/env/jdk!/java.sql.rowset" type="simple" />
            <root url="jrt://D:/Android/env/jdk!/java.transaction.xa" type="simple" />
            <root url="jrt://D:/Android/env/jdk!/java.xml" type="simple" />
            <root url="jrt://D:/Android/env/jdk!/java.xml.crypto" type="simple" />
            <root url="jrt://D:/Android/env/jdk!/jdk.accessibility" type="simple" />
            <root url="jrt://D:/Android/env/jdk!/jdk.attach" type="simple" />
            <root url="jrt://D:/Android/env/jdk!/jdk.charsets" type="simple" />
            <root url="jrt://D:/Android/env/jdk!/jdk.compiler" type="simple" />
            <root url="jrt://D:/Android/env/jdk!/jdk.crypto.cryptoki" type="simple" />
            <root url="jrt://D:/Android/env/jdk!/jdk.crypto.ec" type="simple" />
            <root url="jrt://D:/Android/env/jdk!/jdk.crypto.mscapi" type="simple" />
            <root url="jrt://D:/Android/env/jdk!/jdk.dynalink" type="simple" />
            <root url="jrt://D:/Android/env/jdk!/jdk.editpad" type="simple" />
            <root url="jrt://D:/Android/env/jdk!/jdk.hotspot.agent" type="simple" />
            <root url="jrt://D:/Android/env/jdk!/jdk.httpserver" type="simple" />
            <root url="jrt://D:/Android/env/jdk!/jdk.internal.ed" type="simple" />
            <root url="jrt://D:/Android/env/jdk!/jdk.internal.jvmstat" type="simple" />
            <root url="jrt://D:/Android/env/jdk!/jdk.internal.le" type="simple" />
            <root url="jrt://D:/Android/env/jdk!/jdk.internal.opt" type="simple" />
            <root url="jrt://D:/Android/env/jdk!/jdk.internal.vm.ci" type="simple" />
            <root url="jrt://D:/Android/env/jdk!/jdk.internal.vm.compiler" type="simple" />
            <root url="jrt://D:/Android/env/jdk!/jdk.internal.vm.compiler.management" type="simple" />
            <root url="jrt://D:/Android/env/jdk!/jdk.jartool" type="simple" />
            <root url="jrt://D:/Android/env/jdk!/jdk.javadoc" type="simple" />
            <root url="jrt://D:/Android/env/jdk!/jdk.jcmd" type="simple" />
            <root url="jrt://D:/Android/env/jdk!/jdk.jconsole" type="simple" />
            <root url="jrt://D:/Android/env/jdk!/jdk.jdeps" type="simple" />
            <root url="jrt://D:/Android/env/jdk!/jdk.jdi" type="simple" />
            <root url="jrt://D:/Android/env/jdk!/jdk.jdwp.agent" type="simple" />
            <root url="jrt://D:/Android/env/jdk!/jdk.jfr" type="simple" />
            <root url="jrt://D:/Android/env/jdk!/jdk.jlink" type="simple" />
            <root url="jrt://D:/Android/env/jdk!/jdk.jshell" type="simple" />
            <root url="jrt://D:/Android/env/jdk!/jdk.jsobject" type="simple" />
            <root url="jrt://D:/Android/env/jdk!/jdk.jstatd" type="simple" />
            <root url="jrt://D:/Android/env/jdk!/jdk.localedata" type="simple" />
            <root url="jrt://D:/Android/env/jdk!/jdk.management" type="simple" />
            <root url="jrt://D:/Android/env/jdk!/jdk.management.agent" type="simple" />
            <root url="jrt://D:/Android/env/jdk!/jdk.management.jfr" type="simple" />
            <root url="jrt://D:/Android/env/jdk!/jdk.naming.dns" type="simple" />
            <root url="jrt://D:/Android/env/jdk!/jdk.naming.ldap" type="simple" />
            <root url="jrt://D:/Android/env/jdk!/jdk.naming.rmi" type="simple" />
            <root url="jrt://D:/Android/env/jdk!/jdk.net" type="simple" />
            <root url="jrt://D:/Android/env/jdk!/jdk.pack" type="simple" />
            <root url="jrt://D:/Android/env/jdk!/jdk.rmic" type="simple" />
            <root url="jrt://D:/Android/env/jdk!/jdk.scripting.nashorn" type="simple" />
            <root url="jrt://D:/Android/env/jdk!/jdk.scripting.nashorn.shell" type="simple" />
            <root url="jrt://D:/Android/env/jdk!/jdk.sctp" type="simple" />
            <root url="jrt://D:/Android/env/jdk!/jdk.security.auth" type="simple" />
            <root url="jrt://D:/Android/env/jdk!/jdk.security.jgss" type="simple" />
            <root url="jrt://D:/Android/env/jdk!/jdk.unsupported" type="simple" />
            <root url="jrt://D:/Android/env/jdk!/jdk.unsupported.desktop" type="simple" />
            <root url="jrt://D:/Android/env/jdk!/jdk.xml.dom" type="simple" />
            <root url="jrt://D:/Android/env/jdk!/jdk.zipfs" type="simple" />
          </root>
        </classPath>
        <javadocPath>
          <root type="composite" />
        </javadocPath>
        <sourcePath>
          <root type="composite">
            <root url="jar://D:/Android/env/jdk/lib/src.zip!/java.se" type="simple" />
            <root url="jar://D:/Android/env/jdk/lib/src.zip!/jdk.jdi" type="simple" />
            <root url="jar://D:/Android/env/jdk/lib/src.zip!/jdk.jfr" type="simple" />
            <root url="jar://D:/Android/env/jdk/lib/src.zip!/jdk.net" type="simple" />
            <root url="jar://D:/Android/env/jdk/lib/src.zip!/java.rmi" type="simple" />
            <root url="jar://D:/Android/env/jdk/lib/src.zip!/java.sql" type="simple" />
            <root url="jar://D:/Android/env/jdk/lib/src.zip!/java.xml" type="simple" />
            <root url="jar://D:/Android/env/jdk/lib/src.zip!/jdk.jcmd" type="simple" />
            <root url="jar://D:/Android/env/jdk/lib/src.zip!/jdk.pack" type="simple" />
            <root url="jar://D:/Android/env/jdk/lib/src.zip!/jdk.rmic" type="simple" />
            <root url="jar://D:/Android/env/jdk/lib/src.zip!/jdk.sctp" type="simple" />
            <root url="jar://D:/Android/env/jdk/lib/src.zip!/java.base" type="simple" />
            <root url="jar://D:/Android/env/jdk/lib/src.zip!/jdk.jdeps" type="simple" />
            <root url="jar://D:/Android/env/jdk/lib/src.zip!/jdk.jlink" type="simple" />
            <root url="jar://D:/Android/env/jdk/lib/src.zip!/jdk.zipfs" type="simple" />
            <root url="jar://D:/Android/env/jdk/lib/src.zip!/java.prefs" type="simple" />
            <root url="jar://D:/Android/env/jdk/lib/src.zip!/jdk.attach" type="simple" />
            <root url="jar://D:/Android/env/jdk/lib/src.zip!/jdk.jshell" type="simple" />
            <root url="jar://D:/Android/env/jdk/lib/src.zip!/jdk.jstatd" type="simple" />
            <root url="jar://D:/Android/env/jdk/lib/src.zip!/java.naming" type="simple" />
            <root url="jar://D:/Android/env/jdk/lib/src.zip!/jdk.editpad" type="simple" />
            <root url="jar://D:/Android/env/jdk/lib/src.zip!/jdk.jartool" type="simple" />
            <root url="jar://D:/Android/env/jdk/lib/src.zip!/jdk.javadoc" type="simple" />
            <root url="jar://D:/Android/env/jdk/lib/src.zip!/jdk.xml.dom" type="simple" />
            <root url="jar://D:/Android/env/jdk/lib/src.zip!/java.desktop" type="simple" />
            <root url="jar://D:/Android/env/jdk/lib/src.zip!/java.logging" type="simple" />
            <root url="jar://D:/Android/env/jdk/lib/src.zip!/jdk.charsets" type="simple" />
            <root url="jar://D:/Android/env/jdk/lib/src.zip!/jdk.compiler" type="simple" />
            <root url="jar://D:/Android/env/jdk/lib/src.zip!/jdk.dynalink" type="simple" />
            <root url="jar://D:/Android/env/jdk/lib/src.zip!/jdk.jconsole" type="simple" />
            <root url="jar://D:/Android/env/jdk/lib/src.zip!/jdk.jsobject" type="simple" />
            <root url="jar://D:/Android/env/jdk/lib/src.zip!/java.compiler" type="simple" />
            <root url="jar://D:/Android/env/jdk/lib/src.zip!/java.net.http" type="simple" />
            <root url="jar://D:/Android/env/jdk/lib/src.zip!/jdk.crypto.ec" type="simple" />
            <root url="jar://D:/Android/env/jdk/lib/src.zip!/java.scripting" type="simple" />
            <root url="jar://D:/Android/env/jdk/lib/src.zip!/jdk.httpserver" type="simple" />
            <root url="jar://D:/Android/env/jdk/lib/src.zip!/jdk.jdwp.agent" type="simple" />
            <root url="jar://D:/Android/env/jdk/lib/src.zip!/jdk.localedata" type="simple" />
            <root url="jar://D:/Android/env/jdk/lib/src.zip!/jdk.management" type="simple" />
            <root url="jar://D:/Android/env/jdk/lib/src.zip!/jdk.naming.dns" type="simple" />
            <root url="jar://D:/Android/env/jdk/lib/src.zip!/jdk.naming.rmi" type="simple" />
            <root url="jar://D:/Android/env/jdk/lib/src.zip!/java.instrument" type="simple" />
            <root url="jar://D:/Android/env/jdk/lib/src.zip!/java.management" type="simple" />
            <root url="jar://D:/Android/env/jdk/lib/src.zip!/java.sql.rowset" type="simple" />
            <root url="jar://D:/Android/env/jdk/lib/src.zip!/java.xml.crypto" type="simple" />
            <root url="jar://D:/Android/env/jdk/lib/src.zip!/jdk.internal.ed" type="simple" />
            <root url="jar://D:/Android/env/jdk/lib/src.zip!/jdk.internal.le" type="simple" />
            <root url="jar://D:/Android/env/jdk/lib/src.zip!/jdk.naming.ldap" type="simple" />
            <root url="jar://D:/Android/env/jdk/lib/src.zip!/jdk.unsupported" type="simple" />
            <root url="jar://D:/Android/env/jdk/lib/src.zip!/java.smartcardio" type="simple" />
            <root url="jar://D:/Android/env/jdk/lib/src.zip!/jdk.internal.opt" type="simple" />
            <root url="jar://D:/Android/env/jdk/lib/src.zip!/java.datatransfer" type="simple" />
            <root url="jar://D:/Android/env/jdk/lib/src.zip!/jdk.accessibility" type="simple" />
            <root url="jar://D:/Android/env/jdk/lib/src.zip!/jdk.crypto.mscapi" type="simple" />
            <root url="jar://D:/Android/env/jdk/lib/src.zip!/jdk.hotspot.agent" type="simple" />
            <root url="jar://D:/Android/env/jdk/lib/src.zip!/jdk.security.auth" type="simple" />
            <root url="jar://D:/Android/env/jdk/lib/src.zip!/jdk.security.jgss" type="simple" />
            <root url="jar://D:/Android/env/jdk/lib/src.zip!/java.security.jgss" type="simple" />
            <root url="jar://D:/Android/env/jdk/lib/src.zip!/java.security.sasl" type="simple" />
            <root url="jar://D:/Android/env/jdk/lib/src.zip!/jdk.internal.vm.ci" type="simple" />
            <root url="jar://D:/Android/env/jdk/lib/src.zip!/jdk.management.jfr" type="simple" />
            <root url="jar://D:/Android/env/jdk/lib/src.zip!/java.management.rmi" type="simple" />
            <root url="jar://D:/Android/env/jdk/lib/src.zip!/java.transaction.xa" type="simple" />
            <root url="jar://D:/Android/env/jdk/lib/src.zip!/jdk.crypto.cryptoki" type="simple" />
            <root url="jar://D:/Android/env/jdk/lib/src.zip!/jdk.internal.jvmstat" type="simple" />
            <root url="jar://D:/Android/env/jdk/lib/src.zip!/jdk.management.agent" type="simple" />
            <root url="jar://D:/Android/env/jdk/lib/src.zip!/jdk.scripting.nashorn" type="simple" />
            <root url="jar://D:/Android/env/jdk/lib/src.zip!/jdk.unsupported.desktop" type="simple" />
            <root url="jar://D:/Android/env/jdk/lib/src.zip!/jdk.internal.vm.compiler" type="simple" />
            <root url="jar://D:/Android/env/jdk/lib/src.zip!/jdk.scripting.nashorn.shell" type="simple" />
            <root url="jar://D:/Android/env/jdk/lib/src.zip!/jdk.internal.vm.compiler.management" type="simple" />
          </root>
        </sourcePath>
      </roots>
      <additional />
    </jdk>
    <jdk version="2">
      <name value="Embedded JDK" />
      <type value="JavaSDK" />
      <version value="version 11.0.12" />
      <homePath value="$APPLICATION_HOME_DIR$/jre" />
      <roots>
        <annotationsPath>
          <root type="composite">
            <root url="jar://$APPLICATION_HOME_DIR$/plugins/java/lib/jdkAnnotations.jar!/" type="simple" />
          </root>
        </annotationsPath>
        <classPath>
          <root type="composite">
            <root url="jrt://D:/Android/android-studio/jre!/java.base" type="simple" />
            <root url="jrt://D:/Android/android-studio/jre!/java.compiler" type="simple" />
            <root url="jrt://D:/Android/android-studio/jre!/java.datatransfer" type="simple" />
            <root url="jrt://D:/Android/android-studio/jre!/java.desktop" type="simple" />
            <root url="jrt://D:/Android/android-studio/jre!/java.instrument" type="simple" />
            <root url="jrt://D:/Android/android-studio/jre!/java.logging" type="simple" />
            <root url="jrt://D:/Android/android-studio/jre!/java.management" type="simple" />
            <root url="jrt://D:/Android/android-studio/jre!/java.management.rmi" type="simple" />
            <root url="jrt://D:/Android/android-studio/jre!/java.naming" type="simple" />
            <root url="jrt://D:/Android/android-studio/jre!/java.net.http" type="simple" />
            <root url="jrt://D:/Android/android-studio/jre!/java.prefs" type="simple" />
            <root url="jrt://D:/Android/android-studio/jre!/java.rmi" type="simple" />
            <root url="jrt://D:/Android/android-studio/jre!/java.scripting" type="simple" />
            <root url="jrt://D:/Android/android-studio/jre!/java.se" type="simple" />
            <root url="jrt://D:/Android/android-studio/jre!/java.security.jgss" type="simple" />
            <root url="jrt://D:/Android/android-studio/jre!/java.security.sasl" type="simple" />
            <root url="jrt://D:/Android/android-studio/jre!/java.smartcardio" type="simple" />
            <root url="jrt://D:/Android/android-studio/jre!/java.sql" type="simple" />
            <root url="jrt://D:/Android/android-studio/jre!/java.sql.rowset" type="simple" />
            <root url="jrt://D:/Android/android-studio/jre!/java.transaction.xa" type="simple" />
            <root url="jrt://D:/Android/android-studio/jre!/java.xml" type="simple" />
            <root url="jrt://D:/Android/android-studio/jre!/java.xml.crypto" type="simple" />
            <root url="jrt://D:/Android/android-studio/jre!/jdk.accessibility" type="simple" />
            <root url="jrt://D:/Android/android-studio/jre!/jdk.aot" type="simple" />
            <root url="jrt://D:/Android/android-studio/jre!/jdk.attach" type="simple" />
            <root url="jrt://D:/Android/android-studio/jre!/jdk.charsets" type="simple" />
            <root url="jrt://D:/Android/android-studio/jre!/jdk.compiler" type="simple" />
            <root url="jrt://D:/Android/android-studio/jre!/jdk.crypto.cryptoki" type="simple" />
            <root url="jrt://D:/Android/android-studio/jre!/jdk.crypto.ec" type="simple" />
            <root url="jrt://D:/Android/android-studio/jre!/jdk.dynalink" type="simple" />
            <root url="jrt://D:/Android/android-studio/jre!/jdk.hotspot.agent" type="simple" />
            <root url="jrt://D:/Android/android-studio/jre!/jdk.httpserver" type="simple" />
            <root url="jrt://D:/Android/android-studio/jre!/jdk.internal.ed" type="simple" />
            <root url="jrt://D:/Android/android-studio/jre!/jdk.internal.jvmstat" type="simple" />
            <root url="jrt://D:/Android/android-studio/jre!/jdk.internal.le" type="simple" />
            <root url="jrt://D:/Android/android-studio/jre!/jdk.internal.opt" type="simple" />
            <root url="jrt://D:/Android/android-studio/jre!/jdk.internal.vm.ci" type="simple" />
            <root url="jrt://D:/Android/android-studio/jre!/jdk.internal.vm.compiler" type="simple" />
            <root url="jrt://D:/Android/android-studio/jre!/jdk.internal.vm.compiler.management" type="simple" />
            <root url="jrt://D:/Android/android-studio/jre!/jdk.jartool" type="simple" />
            <root url="jrt://D:/Android/android-studio/jre!/jdk.javadoc" type="simple" />
            <root url="jrt://D:/Android/android-studio/jre!/jdk.jdeps" type="simple" />
            <root url="jrt://D:/Android/android-studio/jre!/jdk.jdi" type="simple" />
            <root url="jrt://D:/Android/android-studio/jre!/jdk.jdwp.agent" type="simple" />
            <root url="jrt://D:/Android/android-studio/jre!/jdk.jfr" type="simple" />
            <root url="jrt://D:/Android/android-studio/jre!/jdk.jlink" type="simple" />
            <root url="jrt://D:/Android/android-studio/jre!/jdk.jsobject" type="simple" />
            <root url="jrt://D:/Android/android-studio/jre!/jdk.localedata" type="simple" />
            <root url="jrt://D:/Android/android-studio/jre!/jdk.management" type="simple" />
            <root url="jrt://D:/Android/android-studio/jre!/jdk.management.agent" type="simple" />
            <root url="jrt://D:/Android/android-studio/jre!/jdk.management.jfr" type="simple" />
            <root url="jrt://D:/Android/android-studio/jre!/jdk.naming.dns" type="simple" />
            <root url="jrt://D:/Android/android-studio/jre!/jdk.naming.rmi" type="simple" />
            <root url="jrt://D:/Android/android-studio/jre!/jdk.net" type="simple" />
            <root url="jrt://D:/Android/android-studio/jre!/jdk.pack" type="simple" />
            <root url="jrt://D:/Android/android-studio/jre!/jdk.scripting.nashorn" type="simple" />
            <root url="jrt://D:/Android/android-studio/jre!/jdk.scripting.nashorn.shell" type="simple" />
            <root url="jrt://D:/Android/android-studio/jre!/jdk.sctp" type="simple" />
            <root url="jrt://D:/Android/android-studio/jre!/jdk.security.auth" type="simple" />
            <root url="jrt://D:/Android/android-studio/jre!/jdk.security.jgss" type="simple" />
            <root url="jrt://D:/Android/android-studio/jre!/jdk.unsupported" type="simple" />
            <root url="jrt://D:/Android/android-studio/jre!/jdk.xml.dom" type="simple" />
            <root url="jrt://D:/Android/android-studio/jre!/jdk.zipfs" type="simple" />
          </root>
        </classPath>
        <javadocPath>
          <root type="composite" />
        </javadocPath>
        <sourcePath>
          <root type="composite" />
        </sourcePath>
      </roots>
      <additional />
    </jdk>
    <jdk version="2">
      <name value="Android Studio java home" />
      <type value="JavaSDK" />
      <version value="version 11.0.15" />
      <homePath value="D:/Android/env/jdk" />
      <roots>
        <annotationsPath>
          <root type="composite">
            <root url="jar://$APPLICATION_HOME_DIR$/plugins/java/lib/jdkAnnotations.jar!/" type="simple" />
          </root>
        </annotationsPath>
        <classPath>
          <root type="composite">
            <root url="jrt://D:/Android/env/jdk!/java.base" type="simple" />
            <root url="jrt://D:/Android/env/jdk!/java.compiler" type="simple" />
            <root url="jrt://D:/Android/env/jdk!/java.datatransfer" type="simple" />
            <root url="jrt://D:/Android/env/jdk!/java.desktop" type="simple" />
            <root url="jrt://D:/Android/env/jdk!/java.instrument" type="simple" />
            <root url="jrt://D:/Android/env/jdk!/java.logging" type="simple" />
            <root url="jrt://D:/Android/env/jdk!/java.management" type="simple" />
            <root url="jrt://D:/Android/env/jdk!/java.management.rmi" type="simple" />
            <root url="jrt://D:/Android/env/jdk!/java.naming" type="simple" />
            <root url="jrt://D:/Android/env/jdk!/java.net.http" type="simple" />
            <root url="jrt://D:/Android/env/jdk!/java.prefs" type="simple" />
            <root url="jrt://D:/Android/env/jdk!/java.rmi" type="simple" />
            <root url="jrt://D:/Android/env/jdk!/java.scripting" type="simple" />
            <root url="jrt://D:/Android/env/jdk!/java.se" type="simple" />
            <root url="jrt://D:/Android/env/jdk!/java.security.jgss" type="simple" />
            <root url="jrt://D:/Android/env/jdk!/java.security.sasl" type="simple" />
            <root url="jrt://D:/Android/env/jdk!/java.smartcardio" type="simple" />
            <root url="jrt://D:/Android/env/jdk!/java.sql" type="simple" />
            <root url="jrt://D:/Android/env/jdk!/java.sql.rowset" type="simple" />
            <root url="jrt://D:/Android/env/jdk!/java.transaction.xa" type="simple" />
            <root url="jrt://D:/Android/env/jdk!/java.xml" type="simple" />
            <root url="jrt://D:/Android/env/jdk!/java.xml.crypto" type="simple" />
            <root url="jrt://D:/Android/env/jdk!/jdk.accessibility" type="simple" />
            <root url="jrt://D:/Android/env/jdk!/jdk.attach" type="simple" />
            <root url="jrt://D:/Android/env/jdk!/jdk.charsets" type="simple" />
            <root url="jrt://D:/Android/env/jdk!/jdk.compiler" type="simple" />
            <root url="jrt://D:/Android/env/jdk!/jdk.crypto.cryptoki" type="simple" />
            <root url="jrt://D:/Android/env/jdk!/jdk.crypto.ec" type="simple" />
            <root url="jrt://D:/Android/env/jdk!/jdk.crypto.mscapi" type="simple" />
            <root url="jrt://D:/Android/env/jdk!/jdk.dynalink" type="simple" />
            <root url="jrt://D:/Android/env/jdk!/jdk.editpad" type="simple" />
            <root url="jrt://D:/Android/env/jdk!/jdk.hotspot.agent" type="simple" />
            <root url="jrt://D:/Android/env/jdk!/jdk.httpserver" type="simple" />
            <root url="jrt://D:/Android/env/jdk!/jdk.internal.ed" type="simple" />
            <root url="jrt://D:/Android/env/jdk!/jdk.internal.jvmstat" type="simple" />
            <root url="jrt://D:/Android/env/jdk!/jdk.internal.le" type="simple" />
            <root url="jrt://D:/Android/env/jdk!/jdk.internal.opt" type="simple" />
            <root url="jrt://D:/Android/env/jdk!/jdk.internal.vm.ci" type="simple" />
            <root url="jrt://D:/Android/env/jdk!/jdk.internal.vm.compiler" type="simple" />
            <root url="jrt://D:/Android/env/jdk!/jdk.internal.vm.compiler.management" type="simple" />
            <root url="jrt://D:/Android/env/jdk!/jdk.jartool" type="simple" />
            <root url="jrt://D:/Android/env/jdk!/jdk.javadoc" type="simple" />
            <root url="jrt://D:/Android/env/jdk!/jdk.jcmd" type="simple" />
            <root url="jrt://D:/Android/env/jdk!/jdk.jconsole" type="simple" />
            <root url="jrt://D:/Android/env/jdk!/jdk.jdeps" type="simple" />
            <root url="jrt://D:/Android/env/jdk!/jdk.jdi" type="simple" />
            <root url="jrt://D:/Android/env/jdk!/jdk.jdwp.agent" type="simple" />
            <root url="jrt://D:/Android/env/jdk!/jdk.jfr" type="simple" />
            <root url="jrt://D:/Android/env/jdk!/jdk.jlink" type="simple" />
            <root url="jrt://D:/Android/env/jdk!/jdk.jshell" type="simple" />
            <root url="jrt://D:/Android/env/jdk!/jdk.jsobject" type="simple" />
            <root url="jrt://D:/Android/env/jdk!/jdk.jstatd" type="simple" />
            <root url="jrt://D:/Android/env/jdk!/jdk.localedata" type="simple" />
            <root url="jrt://D:/Android/env/jdk!/jdk.management" type="simple" />
            <root url="jrt://D:/Android/env/jdk!/jdk.management.agent" type="simple" />
            <root url="jrt://D:/Android/env/jdk!/jdk.management.jfr" type="simple" />
            <root url="jrt://D:/Android/env/jdk!/jdk.naming.dns" type="simple" />
            <root url="jrt://D:/Android/env/jdk!/jdk.naming.ldap" type="simple" />
            <root url="jrt://D:/Android/env/jdk!/jdk.naming.rmi" type="simple" />
            <root url="jrt://D:/Android/env/jdk!/jdk.net" type="simple" />
            <root url="jrt://D:/Android/env/jdk!/jdk.pack" type="simple" />
            <root url="jrt://D:/Android/env/jdk!/jdk.rmic" type="simple" />
            <root url="jrt://D:/Android/env/jdk!/jdk.scripting.nashorn" type="simple" />
            <root url="jrt://D:/Android/env/jdk!/jdk.scripting.nashorn.shell" type="simple" />
            <root url="jrt://D:/Android/env/jdk!/jdk.sctp" type="simple" />
            <root url="jrt://D:/Android/env/jdk!/jdk.security.auth" type="simple" />
            <root url="jrt://D:/Android/env/jdk!/jdk.security.jgss" type="simple" />
            <root url="jrt://D:/Android/env/jdk!/jdk.unsupported" type="simple" />
            <root url="jrt://D:/Android/env/jdk!/jdk.unsupported.desktop" type="simple" />
            <root url="jrt://D:/Android/env/jdk!/jdk.xml.dom" type="simple" />
            <root url="jrt://D:/Android/env/jdk!/jdk.zipfs" type="simple" />
          </root>
        </classPath>
        <javadocPath>
          <root type="composite" />
        </javadocPath>
        <sourcePath>
          <root type="composite">
            <root url="jar://D:/Android/env/jdk/lib/src.zip!/java.se" type="simple" />
            <root url="jar://D:/Android/env/jdk/lib/src.zip!/jdk.jdi" type="simple" />
            <root url="jar://D:/Android/env/jdk/lib/src.zip!/jdk.jfr" type="simple" />
            <root url="jar://D:/Android/env/jdk/lib/src.zip!/jdk.net" type="simple" />
            <root url="jar://D:/Android/env/jdk/lib/src.zip!/java.rmi" type="simple" />
            <root url="jar://D:/Android/env/jdk/lib/src.zip!/java.sql" type="simple" />
            <root url="jar://D:/Android/env/jdk/lib/src.zip!/java.xml" type="simple" />
            <root url="jar://D:/Android/env/jdk/lib/src.zip!/jdk.jcmd" type="simple" />
            <root url="jar://D:/Android/env/jdk/lib/src.zip!/jdk.pack" type="simple" />
            <root url="jar://D:/Android/env/jdk/lib/src.zip!/jdk.rmic" type="simple" />
            <root url="jar://D:/Android/env/jdk/lib/src.zip!/jdk.sctp" type="simple" />
            <root url="jar://D:/Android/env/jdk/lib/src.zip!/java.base" type="simple" />
            <root url="jar://D:/Android/env/jdk/lib/src.zip!/jdk.jdeps" type="simple" />
            <root url="jar://D:/Android/env/jdk/lib/src.zip!/jdk.jlink" type="simple" />
            <root url="jar://D:/Android/env/jdk/lib/src.zip!/jdk.zipfs" type="simple" />
            <root url="jar://D:/Android/env/jdk/lib/src.zip!/java.prefs" type="simple" />
            <root url="jar://D:/Android/env/jdk/lib/src.zip!/jdk.attach" type="simple" />
            <root url="jar://D:/Android/env/jdk/lib/src.zip!/jdk.jshell" type="simple" />
            <root url="jar://D:/Android/env/jdk/lib/src.zip!/jdk.jstatd" type="simple" />
            <root url="jar://D:/Android/env/jdk/lib/src.zip!/java.naming" type="simple" />
            <root url="jar://D:/Android/env/jdk/lib/src.zip!/jdk.editpad" type="simple" />
            <root url="jar://D:/Android/env/jdk/lib/src.zip!/jdk.jartool" type="simple" />
            <root url="jar://D:/Android/env/jdk/lib/src.zip!/jdk.javadoc" type="simple" />
            <root url="jar://D:/Android/env/jdk/lib/src.zip!/jdk.xml.dom" type="simple" />
            <root url="jar://D:/Android/env/jdk/lib/src.zip!/java.desktop" type="simple" />
            <root url="jar://D:/Android/env/jdk/lib/src.zip!/java.logging" type="simple" />
            <root url="jar://D:/Android/env/jdk/lib/src.zip!/jdk.charsets" type="simple" />
            <root url="jar://D:/Android/env/jdk/lib/src.zip!/jdk.compiler" type="simple" />
            <root url="jar://D:/Android/env/jdk/lib/src.zip!/jdk.dynalink" type="simple" />
            <root url="jar://D:/Android/env/jdk/lib/src.zip!/jdk.jconsole" type="simple" />
            <root url="jar://D:/Android/env/jdk/lib/src.zip!/jdk.jsobject" type="simple" />
            <root url="jar://D:/Android/env/jdk/lib/src.zip!/java.compiler" type="simple" />
            <root url="jar://D:/Android/env/jdk/lib/src.zip!/java.net.http" type="simple" />
            <root url="jar://D:/Android/env/jdk/lib/src.zip!/jdk.crypto.ec" type="simple" />
            <root url="jar://D:/Android/env/jdk/lib/src.zip!/java.scripting" type="simple" />
            <root url="jar://D:/Android/env/jdk/lib/src.zip!/jdk.httpserver" type="simple" />
            <root url="jar://D:/Android/env/jdk/lib/src.zip!/jdk.jdwp.agent" type="simple" />
            <root url="jar://D:/Android/env/jdk/lib/src.zip!/jdk.localedata" type="simple" />
            <root url="jar://D:/Android/env/jdk/lib/src.zip!/jdk.management" type="simple" />
            <root url="jar://D:/Android/env/jdk/lib/src.zip!/jdk.naming.dns" type="simple" />
            <root url="jar://D:/Android/env/jdk/lib/src.zip!/jdk.naming.rmi" type="simple" />
            <root url="jar://D:/Android/env/jdk/lib/src.zip!/java.instrument" type="simple" />
            <root url="jar://D:/Android/env/jdk/lib/src.zip!/java.management" type="simple" />
            <root url="jar://D:/Android/env/jdk/lib/src.zip!/java.sql.rowset" type="simple" />
            <root url="jar://D:/Android/env/jdk/lib/src.zip!/java.xml.crypto" type="simple" />
            <root url="jar://D:/Android/env/jdk/lib/src.zip!/jdk.internal.ed" type="simple" />
            <root url="jar://D:/Android/env/jdk/lib/src.zip!/jdk.internal.le" type="simple" />
            <root url="jar://D:/Android/env/jdk/lib/src.zip!/jdk.naming.ldap" type="simple" />
            <root url="jar://D:/Android/env/jdk/lib/src.zip!/jdk.unsupported" type="simple" />
            <root url="jar://D:/Android/env/jdk/lib/src.zip!/java.smartcardio" type="simple" />
            <root url="jar://D:/Android/env/jdk/lib/src.zip!/jdk.internal.opt" type="simple" />
            <root url="jar://D:/Android/env/jdk/lib/src.zip!/java.datatransfer" type="simple" />
            <root url="jar://D:/Android/env/jdk/lib/src.zip!/jdk.accessibility" type="simple" />
            <root url="jar://D:/Android/env/jdk/lib/src.zip!/jdk.crypto.mscapi" type="simple" />
            <root url="jar://D:/Android/env/jdk/lib/src.zip!/jdk.hotspot.agent" type="simple" />
            <root url="jar://D:/Android/env/jdk/lib/src.zip!/jdk.security.auth" type="simple" />
            <root url="jar://D:/Android/env/jdk/lib/src.zip!/jdk.security.jgss" type="simple" />
            <root url="jar://D:/Android/env/jdk/lib/src.zip!/java.security.jgss" type="simple" />
            <root url="jar://D:/Android/env/jdk/lib/src.zip!/java.security.sasl" type="simple" />
            <root url="jar://D:/Android/env/jdk/lib/src.zip!/jdk.internal.vm.ci" type="simple" />
            <root url="jar://D:/Android/env/jdk/lib/src.zip!/jdk.management.jfr" type="simple" />
            <root url="jar://D:/Android/env/jdk/lib/src.zip!/java.management.rmi" type="simple" />
            <root url="jar://D:/Android/env/jdk/lib/src.zip!/java.transaction.xa" type="simple" />
            <root url="jar://D:/Android/env/jdk/lib/src.zip!/jdk.crypto.cryptoki" type="simple" />
            <root url="jar://D:/Android/env/jdk/lib/src.zip!/jdk.internal.jvmstat" type="simple" />
            <root url="jar://D:/Android/env/jdk/lib/src.zip!/jdk.management.agent" type="simple" />
            <root url="jar://D:/Android/env/jdk/lib/src.zip!/jdk.scripting.nashorn" type="simple" />
            <root url="jar://D:/Android/env/jdk/lib/src.zip!/jdk.unsupported.desktop" type="simple" />
            <root url="jar://D:/Android/env/jdk/lib/src.zip!/jdk.internal.vm.compiler" type="simple" />
            <root url="jar://D:/Android/env/jdk/lib/src.zip!/jdk.scripting.nashorn.shell" type="simple" />
            <root url="jar://D:/Android/env/jdk/lib/src.zip!/jdk.internal.vm.compiler.management" type="simple" />
          </root>
        </sourcePath>
      </roots>
      <additional />
    </jdk>
    <jdk version="2">
      <name value="Kotlin SDK" />
      <type value="KotlinSDK" />
      <homePath value="D:\Android\android-studio\plugins\Kotlin\kotlinc" />
      <roots>
        <annotationsPath>
          <root type="composite" />
        </annotationsPath>
        <classPath>
          <root type="composite" />
        </classPath>
        <javadocPath>
          <root type="composite" />
        </javadocPath>
        <sourcePath>
          <root type="composite" />
        </sourcePath>
      </roots>
      <additional />
    </jdk>
  </component>
</application>