<application>
  <component name="AppStorage">
    <histories>
      <item value="Begin a load with Glide that will be tied to the lifecycle of the Fragment, android.app.Fragment, or Activity that contains the View. A Fragment or android.app.Fragment is assumed to contain a View if the View is a child of the View returned by the Fragment.getView()} method. This method will not work if the View is not attached. Prefer the Activity and Fragment variants unless you're loading in a View subclass. This method may be inefficient aways and is definitely inefficient for large hierarchies. Consider memoizing the result after the View is attached or again, prefer the Activity and Fragment variants whenever possible. When used in Applications that use the non-support android.app.Fragment classes, calling this method will produce noisy logs from android.app.FragmentManager. Consider avoiding entirely or using the Fragments from the support library instead. If the support FragmentActivity class is used, this method will only attempt to discover support Fragments. Any non-support android.app.Fragments attached to the FragmentActivity will be ignored. Params: view – The view to search for a containing Fragment or Activity from. Returns: A RequestManager that can be used to start a load." />
      <item value="The LifecycleOwner which controls the observer observer – The observer that will receive the events" />
      <item value="Adds the given observer to the observers list within the lifespan of the given owner. The events are dispatched on the main thread. If LiveData already has data set, it will be delivered to the observer. The observer will only receive events if the owner is in Lifecycle.State.STARTED or Lifecycle.State.RESUMED state (active). If the owner moves to the Lifecycle.State.DESTROYED state, the observer will automatically be removed. When data changes while the owner is not active, it will not receive any updates. If it becomes active again, it will receive the last available data automatically. LiveData keeps a strong reference to the observer and the owner as long as the given LifecycleOwner is not destroyed. When it is destroyed, LiveData removes references to the observer &amp; the owner. If the given owner is already in Lifecycle.State.DESTROYED state, LiveData ignores the call. If the given owner, observer tuple is already in the list, the call is ignored. If the observer is already in the list with another owner, LiveData throws an IllegalArgumentException. Params: owner – The LifecycleOwner which controls the observer observer – The observer that will receive the events" />
      <item value="is annotated with @Qualifier, @Retention(RUNTIME), and typically @Documented. can have attributes. may be part of the public API, much like the dependency type, but unlike implementation types which needn't be part of the public API. may have restricted usage if annotated with @Target. While this specification covers applying qualifiers to fields and parameters only, some injector configurations might use qualifier annotations in other places (on methods or classes for example)." />
      <item value="Scope annotation for bindings that should exist for the life of an activity, surviving configuration." />
      <item value="Scope annotation for bindings that should exist for the life of an activity." />
      <item value="Avoids memoizing a value that is already memoized. NOTE: There is a pathological case where Provider&lt;P&gt; may implement Lazy&lt;L&gt;, but P and L are different types using covariant return on get(). Right now this is used with DoubleCheck&lt;T&gt; exclusively, which is implemented such that P and L are always the same, so it will be fine for that case." />
      <item value="This meta-annotation determines that an annotation is a part of public API and therefore should be included in the generated documentation for the element to which the annotation is applied." />
    </histories>
    <option name="languageScores">
      <map>
        <entry key="CHINESE" value="7" />
        <entry key="ENGLISH" value="8" />
      </map>
    </option>
  </component>
  <component name="Cache">
    <option name="lastTrimTime" value="1658647428758" />
  </component>
</application>